Index,WN,TOW,Key
0,1018,431970,d50760a1aa2d0d5e6b5758f3f76c
1,1018,432000,79b32c62e0dbc8f6064f49edca35
2,1018,432000,af6b5a82fd117659b859e528c59c
3,1018,432000,01a4890c5a0681646792665e737d
4,1018,432000,785d0f345ffb8b7729a8bea5d897
5,1018,432000,40b60d8f786dacac2670869ae427
6,1018,432000,1fd17fd6c3fd7ec1c9c9363d9964
7,1018,432000,3aa431fbb56d68c9100e708a5def
8,1018,432000,2b80c5352d8e1f0af012c4dd049b
9,1018,432000,be662c66ced49224f956da460ac3
10,1018,432000,d88834deee060a76cbad4708996b
11,1018,432000,8eb28b41c9d305e96d758a8f92f3
12,1018,432000,700920759b6d634f9d67a66dc47b
13,1018,432000,dac41038f869131df3b2e067ac6d
14,1018,432000,f7c0e244a3b9766c9d7e5db5820a
15,1018,432000,0d8c4cef3197dd77e0e650886b67
16,1018,432000,8a0a92e01e0ebeec1353b4d18e48
17,1018,432000,de2d80971c339a29019f63ff2465
18,1018,432000,fd3df05b2f0d4a3f026e6aacad2d
19,1018,432000,3fbd1e0f46eefda03ab52cd86ab4
20,1018,432000,3b056ed0689ef55d27f5eb6058c4
21,1018,432000,de26f6f09a70fd013f038709d90f
22,1018,432000,14098b52ab33c6657c77ffc09e3a
23,1018,432000,fdf0d32efa822f00fbb5ba1031d0
24,1018,432000,686b15f40aad00bcf3da86aa38d9
25,1018,432000,02fa90c781d388df0bb49e5da080
26,1018,432000,bc3c1df59c5870deb79b95409910
27,1018,432000,4fe7e4186efea9c58767f991c80e
28,1018,432000,6fa0ebf742d5c85f378c7653b1b5
29,1018,432000,15bb2fc836a754ca2252f0f9694c
30,1018,432000,d5090a15f649b1a072ce18084bd6
31,1018,432000,d8d2b11501adc848c54e8054a1d1
32,1018,432000,ee4f115ea0a775d86f403dcd2945
33,1018,432000,e58b3478c2d23be01c79cef006ba
34,1018,432000,ac87447d2b40646df27f172298d4
35,1018,432000,e0727023cd847098486d5b3a015d
36,1018,432000,ed7b4b56480581efb05176078d4e
37,1018,432000,78c6c16402490dfe59f2ed449b37
38,1018,432000,252b318256f23e8f8a37be1d7728
39,1018,432000,4f88f07e95aa49e85f74af00b5e1
40,1018,432000,b16463728939ee100de8a0748744
41,1018,432000,99f2db5377b2763bc9e80d402eff
42,1018,432000,5ac1efdd22adf177b34a791d10a4
43,1018,432000,11ac95b0871a4356c2d84a073927
44,1018,432000,f389b02620b8cd6e523d46ac4932
45,1018,432000,27848701e0354159557b9eb48b7b
46,1018,432000,2780d64c2c2e285b79fa3f0385ad
47,1018,432000,f1d46e4893d5cfc14451e01d1751
48,1018,432000,984d943470d46cbf771c1b4cc911
49,1018,432000,b46625b74a9c38136cd8a39acdd6
50,1018,432000,4cbf6aaa53a92aaf2758d633e22d
51,1018,432000,1626bf39fde10cc4f3d9fd8b95a9
52,1018,432000,59af7647a7154a5aff74f6b0d359
53,1018,432000,4f4bf734dd5d05205a9f885c1358
54,1018,432000,d359e2236668b73c4c4cefd53811
55,1018,432000,010c73b3bd12dd264a004d1b830f
56,1018,432000,6450dc441c004fda24d0e3cb7400
57,1018,432000,a867a0df4fc4519fb9c199d6b191
58,1018,432000,1f6e59e4395cdd1e3aa3ebb2517b
59,1018,432000,02c8d12778fbe2add87ca06d91c4
60,1018,432000,a73e1d03c1fde30692498382f9a5
61,1018,432000,12325af16a4196d74b4188cd8364
62,1018,432000,c3ed6162ad3562288cc8e0903a38
63,1018,432000,b4a0c0451ec75c89e783acb99c46
64,1018,432000,f061eb6ed638dfdc18d37c5333fa
65,1018,432000,42c4e6b542f654c9a78833b6ab41
66,1018,432000,44f25cc5ed4c695bc7c366df7fa7
67,1018,432000,a0637e386a4670adaab2975cb40e
68,1018,432000,971202aa280de951fd6948de07a4
69,1018,432000,8a7fe0c705bd550ff4c36f2a3513
70,1018,432000,294acab429ca182fa3ae841d4506
71,1018,432000,62a54b9467146f2f931dc3c74293
72,1018,432000,0f920d315c0307db2547553943e4
73,1018,432030,f1bd8569ebf27a2b6fdce1519567
74,1018,432030,38c52b6ebfede2266b31d6454085
75,1018,432030,8c2edf09ab8ad5d308746ca7a46b
76,1018,432030,d1dd6775cd0cde3c55e197a755ed
77,1018,432030,7873721854b5ad8ea99c6d9394ff
78,1018,432030,ee30f43dd64807a6dc584c4d862d
79,1018,432030,143000702a8f62c075efae6099ac
80,1018,432030,5e042b4f8ebe1fb636e492d1b6b7
81,1018,432030,40d33f81aba46b7754fe6249e611
82,1018,432030,5b7e9b890bdc462b1f27e41df8fd
83,1018,432030,e832563960fb18fd1292803726cf
84,1018,432030,d2b32fec425967244163aa85eff4
85,1018,432030,ef22193631be10baeee71d6f05d5
86,1018,432030,5fd443c54dac40a63baa8ee8db38
87,1018,432030,927a613950591a32f620961d5457
88,1018,432030,b0cd7999fd6fb807a9d8ed3462a8
89,1018,432030,fb326fbbab880d00e3346f127b36
90,1018,432030,c29519bef2703390fe9f5625ed49
91,1018,432030,09e32de5e0a0b0c6f385132754b0
92,1018,432030,a63707eb432faf49ef9d04a98647
93,1018,432030,c2a4e5c64e74bcb7b6768d6ec58e
94,1018,432030,f3289ad0633162933c389f10efb4
95,1018,432030,6f9982174ec22d475ee8334a10fa
96,1018,432030,70b31f6796c7648f0b92e084d434
97,1018,432030,3c2340e810872384718296aa50ae
98,1018,432030,bb5bb7159b01f490b9345bb078d8
99,1018,432030,b1b85bbdcef6e6e69b15bb1d3097
100,1018,432030,9aa750141fa75947071e02329e80
101,1018,432030,8c392e73961369b9f8de7425a6d9
102,1018,432030,16aae8cbd1b821a8f6e807aee7e0
103,1018,432030,5bf3ba7c78f7fe4c9e37f40d3c77
104,1018,432030,7cd569119815ce5c489d3464df98
105,1018,432030,4f09f6859417f1470dc7567b72ff
106,1018,432030,bd3fb6aa8fb75d1bad8c52936b59
107,1018,432030,c189b214e78f80418bd55dade4df
108,1018,432030,4b2b4352dc1192930cdaca5a21ae
109,1018,432030,42d17f62842eba23055101a06f19
110,1018,432030,bd21c03ee068cec2c3651fb1ab9d
111,1018,432030,abf04eb7cf360ca510cb138e9333
112,1018,432030,4d220317afed937dc7c720917061
113,1018,432030,a235cdf5f4ae921e57b592d463d3
114,1018,432030,0294e0b90e5faa045c6a560b253d
115,1018,432030,1feff00f6cd07e39c1ae1c3411dd
116,1018,432030,c72c60a3fd8287a4dbc8fd47b01c
117,1018,432030,fdbd8a2825662a45ac76333c5e4e
118,1018,432030,8051a49dcbc20f12ac97028b0dcf
119,1018,432030,a524cf797d4a4d56a46eb9168db0
120,1018,432030,b7ef2278f5d1772ed62f27f28365
121,1018,432030,2faffe6ce95b1c82d5ed59c1ab03
122,1018,432030,3f124f68e55ec8cc0522b01065ee
123,1018,432030,c1420a8e7fc8e40039da6168e85a
124,1018,432030,d03056ce3ea152f52359d38e794b
125,1018,432030,1a74e0ec72c91e8ac39b8293e962
126,1018,432030,9042ad0320c968b6a76ac0ac5064
127,1018,432030,fecb7fb427eafcae3539256892cd
128,1018,432030,2a98614de381ba16f2a855e7ad4e
129,1018,432030,ca5b0aa4ee418c84bb361cc4d71b
130,1018,432030,ae5a716fd1c70b44835465c0abdc
131,1018,432030,4c13ab28a78a8d63f66099ecc68a
132,1018,432030,ea3ceb663a81d374b33410b5a8d4
133,1018,432030,d458ebb415470af0a6f9009ddcc4
134,1018,432030,92e8a8d95470bacffb8bb0ae8a79
135,1018,432030,537b4ce4e7a84e9be2c91cc8331e
136,1018,432030,42372fbb387b699ba90cb95d49c6
137,1018,432030,fcd01e016b823b910fd00eaa71ab
138,1018,432030,a524aa7306cd2db4df6ab67a4956
139,1018,432030,a826ae5244dc9ba00e6e394f0ea6
140,1018,432030,7322dd50afe0c8f4ffe8a9eaf9ee
141,1018,432030,f6c2ffd6606866d3ab51f555f6f6
142,1018,432030,f40699f19c7f3cf51e58d38d07da
143,1018,432030,6a34ee80fdb8376a876cf92bf4b9
144,1018,432030,8923d866d829e7b66936d24b4de0
145,1018,432060,439961b911a385965273d13be9aa
146,1018,432060,7060bc9b782753f267cc8d3a0e1a
147,1018,432060,1ff86a0fdb10d52a7dcc74e48c44
148,1018,432060,6135a81fa4b58928d237d365f267
149,1018,432060,86d31bad03fb643ad1900a95053b
150,1018,432060,267103fb0c8c9f50ee503bc33490
151,1018,432060,f2dac7679562a0a4df45fe46dcdf
152,1018,432060,bbc6ac219ae4f75da9bb1d7d8455
153,1018,432060,44596ead27b525495666219273b7
154,1018,432060,3a3000120b48ff71ad8351dd8d90
155,1018,432060,1e9a481e389761e8685767cb9d08
156,1018,432060,6ae08850d5594e8fc05d8ac0df32
157,1018,432060,593c2d19853c5bab4afe1d84ac8e
158,1018,432060,73ad31b96dc385b8fa5e18c39c6b
159,1018,432060,799a39b57dd41b5e659408ea2bec
160,1018,432060,778e6efec939add45dd648dd36e8
161,1018,432060,221a37513f251de7d24daa00668e
162,1018,432060,92927d340be0da7c43b531e36066
163,1018,432060,34e9baf3d40dc6edc4f998049202
164,1018,432060,d2e73ef250eed5d394614b21d524
165,1018,432060,d1302dff41d117588ef27a112b50
166,1018,432060,0fd91bc7bfa20b6e945d5fb39369
167,1018,432060,50ed172c0377d2c86dff00582232
168,1018,432060,fc34be6d5663524dd8b7f169f12d
169,1018,432060,db2512b425d5dd0036773b437c26
170,1018,432060,3e286bfb688c5fddfc74d95285f9
171,1018,432060,df57028751aa244cc046bd6034d7
172,1018,432060,856891ab7dab4452382b3d3c5575
173,1018,432060,bd84667f139d63e3d482281b0872
174,1018,432060,2bad29669d44a670467de3499a8d
175,1018,432060,3170a9392ea107156eb6d1c96bbe
176,1018,432060,645d6dca2a4ef68227ae52080491
177,1018,432060,b76af49d3d6af9847fc5b1e46f91
178,1018,432060,dc88f666bf0727e148cae6235a83
179,1018,432060,9bb640c8c46ece08b484fa1cb1b3
180,1018,432060,a45b8f223cab876e71b4f42b0a32
181,1018,432060,476e7546d7c11a21c10271dd3ebe
182,1018,432060,bcc3d182a888a3e93d90d4c41183
183,1018,432060,3afe31cbe4209cc16fcfcf4f76bc
184,1018,432060,5505be4ffdddffdc3b06ab760a17
185,1018,432060,05f2b8672fbacef47168a305eb30
186,1018,432060,824e036eee67a59aac45c434484c
187,1018,432060,52800659fd3b9e34b9671129b844
188,1018,432060,44435119c72305f84eeb5d9d8a2e
189,1018,432060,909dbd59bbe32560d467a51f8c51
190,1018,432060,c86a7056bb4694021057b288d914
191,1018,432060,f3fb9569f15c589f3f48effea3b5
192,1018,432060,f54a3c661bdeee899f7fedd2ce5e
193,1018,432060,a7bdcccdc34ea5129a6cf4980e51
194,1018,432060,a338e825dac2b84fdf4b028b1b6a
195,1018,432060,1fe0fbf62322ed2bca5c8798ce7c
196,1018,432060,4952fb22d43fd54fbceb9a32478c
197,1018,432060,b0d18a006fd9da0d5bec132d988a
198,1018,432060,0b9d245f11a8ac9d57db69fa21c9
199,1018,432060,114f99c6516e4d6d9337c2c54a05
200,1018,432060,a839204a8f64510f2d354e4008f1
201,1018,432060,a19e9b8a224d7a52822fdc5913fa
202,1018,432060,33b1940b9b6707c3c96abdf51948
203,1018,432060,9bb8a5306d8965429f50b3d663e4
204,1018,432060,3b63fc04cf337833c08f508340ae
205,1018,432060,dec9f4211686d57aa04e31b481ba
206,1018,432060,79802e6ca7f68cb9f2d3b3603b31
207,1018,432060,eaeff66ac9e5824111ed06789f3c
208,1018,432060,7cd443498876a4cda3b705e118a3
209,1018,432060,611cb388bc9d1d38912965ba5aaf
210,1018,432060,d122611df476f0d41a60ae5c8dbf
211,1018,432060,579f5f3fd5967e72c495f324417a
212,1018,432060,958ae909da877e26ce23e5c7d67b
213,1018,432060,fbc841cd8c3723e42c351a402c9a
214,1018,432060,edb6ad7fade62f1f8fe862515e58
215,1018,432060,1f310abf9e4b26606bb0fe223e04
216,1018,432060,c01fef32853871ba05e5652ab298
217,1018,432090,27129c2c161924611c4e798e4059
218,1018,432090,90a7f191e4bb9a472ebf978944d8
219,1018,432090,268c4c8ee8a66c765b2087ab53ae
220,1018,432090,f82a86c4c94842f3d3a8eb0bab03
221,1018,432090,7272e737350da54306c4338d21b9
222,1018,432090,4f3c076aae885dfd1cc82820b430
223,1018,432090,9d893968faff1e51017d7bad292b
224,1018,432090,64de758eb4c773dacce70fa311c7
225,1018,432090,35d6808e5c174d900b856cc56b38
226,1018,432090,99af14904cd2223fb58db0284dd6
227,1018,432090,f188892aaeac0a1f25bed6e75b73
228,1018,432090,b1097a14cd624a99dc68a43a0a6b
229,1018,432090,b626d0c9cc96e7b776b107f308cf
230,1018,432090,045a4c4fd0e894f2ecc9298f186c
231,1018,432090,8308ed11dc23763408df82186ef9
232,1018,432090,66fd5a5fc9365d90939d29e75ccf
233,1018,432090,6a81f20df4db29ddec3ebda0858b
234,1018,432090,74165019646dbc23ddc2d10257db
235,1018,432090,fe3dad94a7c7671dae8f698bd07d
236,1018,432090,690ceca73d976fdcc88227335794
237,1018,432090,920767bf22f06eb8dd21d53273d8
238,1018,432090,3298925595e36915ece8ed74ce58
239,1018,432090,e9636a551ffd992b16edec3a8f5c
240,1018,432090,db18145f675f3aebc4d12df11a28
241,1018,432090,f6dc8718b7667d90c60e43f5ace7
242,1018,432090,66c738491607915ea4324895d65e
243,1018,432090,ee0579ebf5972fd7f07db3777cf6
244,1018,432090,cd3313606462d39d7a44915268ed
245,1018,432090,d18e6c8acfb8160ed034fa2ce2be
246,1018,432090,18bc8e94c90d0e765d7bd33f8105
247,1018,432090,2338f149cee0f40af513645caaf0
248,1018,432090,ed1eed7f6a5b62ebc88670fa0c02
249,1018,432090,a0458afd062045c84aa85ff5c4a2
250,1018,432090,c569ce90cf54325fe7cdc1bad67c
251,1018,432090,abb1b1882f36f4bc5572bc7e0864
252,1018,432090,cf5b81a723f18e2bed0d4c14144c
253,1018,432090,f74b912c1961cdf59e200fbd4897
254,1018,432090,450e9d3a2ed1918e8d881a5c9d14
255,1018,432090,90d7cb8b793ccfc59c69ad461003
256,1018,432090,1783ced277ec668b3b9002aad911
257,1018,432090,13a47354f890874205b7235d71ee
258,1018,432090,83547e2e286c78c40b1e32178b1f
259,1018,432090,5e43bf669930bdb8a9a2f9f04730
260,1018,432090,bf36eb5b316a1d14c98f90b93c4e
261,1018,432090,376a297ea866337f8f88e6780408
262,1018,432090,13bdf9584a7d6583c10403717db9
263,1018,432090,9ecd96a8ad8e84b85567e117b879
264,1018,432090,fff0ca805f0c65ddbf156e6e33aa
265,1018,432090,6c5c9aaab3094b20dadaf4bb5199
266,1018,432090,c9fa36c69fdbefa51c44f5cbb7f9
267,1018,432090,906e3a7fe514e60e6df9ae36081d
268,1018,432090,5046a786ccbf83fee648424cd9e3
269,1018,432090,e489a401849442aa4ceda6ab69fc
270,1018,432090,e2235dc2d278086e8b751f318802
271,1018,432090,7ddfb84076e84dbd52456e82e0df
272,1018,432090,24a993a6844f9b640daacc825922
273,1018,432090,685dfc26fd69195aeb8b9c6c1b82
274,1018,432090,b8b0f26983ad760117bae7d57a8d
275,1018,432090,b2d2c04d1bfcdf22eebae867c228
276,1018,432090,dae9017df6d0d5e84aed08e6f030
277,1018,432090,dedfcca920308eadd06a68823e5e
278,1018,432090,c248396f5b9e2b06adb4ea1c4f23
279,1018,432090,b7deca47312010a5d5c477dc629c
280,1018,432090,0d626d29b6f4a137b683a6f3e88c
281,1018,432090,fb8e9cf72ff50f0cac5748b0b188
282,1018,432090,8d567255bdb0c9502c94ff73383d
283,1018,432090,dfb763da4d7e34b272638cebf945
284,1018,432090,9dd18b47cddb8a1d0516e9ae04f3
285,1018,432090,7f47afc642ca7b0da31a74a73d24
286,1018,432090,b73ccfcdee09f9a79caf6158baa9
287,1018,432090,7b3459dcf8151a6730aa4da1e7a5
288,1018,432090,02e8117c046a5532e5f3b10fae9d
289,1018,432120,6344861f178ba529f8384c7bab75
290,1018,432120,87e61d18666ae0a39616a149b49b
291,1018,432120,19e50eba1fc277cdfb329aeca7fc
292,1018,432120,62caaafa93a73d95918830178fb7
293,1018,432120,dc0508e8d618a75f5d99a1d60555
294,1018,432120,52273a39e8b881944960baa7f144
295,1018,432120,a3d5d1e2b8e9090904bdaf1255c8
296,1018,432120,86c19982090bdcc1b2417703774b
297,1018,432120,444e1017a6670581261a2b213c14
298,1018,432120,aaf265c9ddef08c9e2131abddbab
299,1018,432120,8d2069a187e2920856799d0d2b39
300,1018,432120,a510a0ea823bfe420dd361b8baf7
301,1018,432120,92790c05e9a3944b28051433b5a5
302,1018,432120,e1c3ceb11ef22ae2b6293d15f6c9
303,1018,432120,9fc0f648138cc53c5e637abeb35f
304,1018,432120,b1108c680cd24738eb52e39c3501
305,1018,432120,33b4934e70a62a0c0dfdfd508700
306,1018,432120,d00bf79e649eac9fd784a32b1f00
307,1018,432120,acc68257c5b97ab3656332f4214d
308,1018,432120,e0a85a4d83062baef5dfba1f69e2
309,1018,432120,e078f5910ab920d7852b658f216b
310,1018,432120,b879739bfc5de0f3a0629b4c8eac
311,1018,432120,35a893a6eeddfaaf25982092d356
312,1018,432120,2c1f6af1f6149e67d5c38de50907
313,1018,432120,3886bc1e84cc64b583c6060714a8
314,1018,432120,dcc231f8d86635f65c9b216deb9a
315,1018,432120,9b941144051590320fc90a9ee6ff
316,1018,432120,b2a181409089e67d088b02f27eda
317,1018,432120,11cb0c75525f5afe20c9340f2d64
318,1018,432120,f24eeb3e3d5fc99ea25525d3f806
319,1018,432120,f06d5cc5fd8c77ee9653d3b895bf
320,1018,432120,0e9bce78a3208fccf65d45f5c7d1
321,1018,432120,d56ba0a8b2a30cdb0bc21d6f6bb9
322,1018,432120,45da0b5115eef6687b711c6c2c57
323,1018,432120,14e5722859913b2f5ee5d6018aed
324,1018,432120,a1e5cb06e5eb66e68eed15091534
325,1018,432120,3105c764b157d3cf4c8a6cd4a743
326,1018,432120,63f2eb26248429449408fdc93425
327,1018,432120,2d3da68ddb06542fdc47ba4b87e8
328,1018,432120,fff5d59552d3b3e510aa70eef27a
329,1018,432120,7a065ae7d97dce047dc85f726c42
330,1018,432120,408f37e9444c3b6ae8d869eb4cf5
331,1018,432120,03fe65637df58ac5b014e1bbb501
332,1018,432120,50600c1cdce4e46f9034d3de000c
333,1018,432120,221dd43cd44b1403dd1c4c761d0f
334,1018,432120,293921809a9d379067a6297436f9
335,1018,432120,60e24f07448ed2bd48a8e30c7517
336,1018,432120,5e032f2941fbb850b591a4c0712a
337,1018,432120,24a81a90679594fae82d59abb08e
338,1018,432120,63f8fe60981208fe99b86922e37d
339,1018,432120,d087799690dc3d3db097a5f47be4
340,1018,432120,3612a486704c71f7be4830e18551
341,1018,432120,4ed9d63eaa28ca5f81ffdfbeefe6
342,1018,432120,90ad1d9bcd211ed0ce36a81afec5
343,1018,432120,a82a0448ab925015b91a3aad4349
344,1018,432120,2a1135a7b42738a35a37e8d955bf
345,1018,432120,3fc7530b07e9a02b9b794b0dc319
346,1018,432120,0d94d00930ce92add41eab507328
347,1018,432120,bd86b658ac95396c076a501d2c48
348,1018,432120,e3aa395df1a1c227d8ba9c666cb8
349,1018,432120,a7ecdbafe41fce73dd90333b12df
350,1018,432120,6218f4b3f2f55ab36cc42e81a083
351,1018,432120,4089be2482d3e950502e2e87b934
352,1018,432120,c3480906a08dc9f54dc2aff1aee6
353,1018,432120,85073eda27343bded5e4091e11af
354,1018,432120,3335c64fecee4e37f272fa43a67a
355,1018,432120,214698a1308fcce25e9a2bc7f4ec
356,1018,432120,7a476900877b3b3180351aa290ec
357,1018,432120,8f915f44102feae338d3c574fffc
358,1018,432120,9729e60775877ed066ddec2b45ca
359,1018,432120,adae7205ae889dca8f1751e8057c
360,1018,432120,9de5e1548d894a3b7273603da4f7
361,1018,432150,fc7cb595b8859ea345f5ce944a95
362,1018,432150,0c18067be02eedfb8beae281de19
363,1018,432150,a6cda5df98fe248593d4b7593497
364,1018,432150,9efe5e9c759eb77f129b6a22844f
365,1018,432150,fb05e404ae123737085d46d9721c
366,1018,432150,fd99aec3a90b845bc216044f64d8
367,1018,432150,0ec0c0c0db3df3fc6ffeb5733c53
368,1018,432150,0014865f017896d917f4c5fa43d6
369,1018,432150,6312fa0e9f9c7bb4c73c450516d6
370,1018,432150,337ec18b955c21639a919d7e2900
371,1018,432150,be8d6499e2a2793be202ef10835f
372,1018,432150,4a5c4084e452ab24be9654f010c3
373,1018,432150,a70bbe4408ba748f92d7e6a34c0b
374,1018,432150,7b5273cc38eced135e26b0337dec
375,1018,432150,b31651405d9d864e42dc266c9a03
376,1018,432150,d83e87a3b84fa6e3bcd661908c41
377,1018,432150,682218ac66884283c243f39cd04e
378,1018,432150,2b4149c3d63917bb7182d1ae30f6
379,1018,432150,7dbb1e27d4fda142a94c41d030cc
380,1018,432150,5a12ffa5de62a9c7dea282bcc487
381,1018,432150,eb8b4521c18429472372232fdba0
382,1018,432150,cafecccaa71a6df169f789c906de
383,1018,432150,9531670ba2bafc72744b668ce153
384,1018,432150,84ab654352e22aa134311737a0c2
385,1018,432150,6a6cc3202f0fca5262a2e0c6da8a
386,1018,432150,37643bdce1be9a4907350399ffca
387,1018,432150,669dab88cafcf0c3fc1cc923c04b
388,1018,432150,11ecd51892bd45860d896caa4a8e
389,1018,432150,ff74b1826a23dcabdf2871b77688
390,1018,432150,a06329d9fd7987c04067128c16fe
391,1018,432150,43bb2ec6bf85113c96d3e9807c98
392,1018,432150,215aefa2da2fae6150f9979b16e9
393,1018,432150,925d4848e0ac90e4fc26017a2bd1
394,1018,432150,bdb74832e861dd557b61cc87d6ca
395,1018,432150,2e23d4171989ec3f5df79300223e
396,1018,432150,4c1ca38bd818bd9c2bcd054cd014
397,1018,432150,c65ff715be240f81baf13bfcaf49
398,1018,432150,bb7b54004e925e44f51966f555af
399,1018,432150,26395ff43ceb560359c4afd293aa
400,1018,432150,c4d318be8d852a6241db84aa42ff
401,1018,432150,0d991c8e61954d3b0e57193c041e
402,1018,432150,c7d0e57bd7343988e2de123241ce
403,1018,432150,6c0d864d72f843708fe69edfb020
404,1018,432150,71eae17136535b3b29b91249e818
405,1018,432150,51e42a2b33fcf9101e0dbadc8016
406,1018,432150,f1aa4466c3b67421cbe8ff7fba7f
407,1018,432150,d281ee4a9ca62ce7ba40c4fd5178
408,1018,432150,b43b082f9ac0ddbcfb52152c3cad
409,1018,432150,ed22d06600a9fc39c906b4628474
410,1018,432150,78d0bfe3c19b9dc3ed4e309db864
411,1018,432150,dc73a0b7bf5483da7e3d71c520fe
412,1018,432150,36eddd3a625a9bfff2435c6d63f5
413,1018,432150,eb504dec1e811b11651b8dfef21d
414,1018,432150,7a08392166efc2223c440e692c96
415,1018,432150,447803d92841f99aeafd4cb643eb
416,1018,432150,cabfa1e8b5dc68498188ea125f1b
417,1018,432150,ee26b6df5e40799aae4692ab3646
418,1018,432150,ef98a593eb565ffbaced7cb30d65
419,1018,432150,d719f67c1799ae65374c3c07ccb8
420,1018,432150,6c2a335b7139e520f498cf710fe7
421,1018,432150,f484e1a608c5fd59d582b8ddb4dd
422,1018,432150,43cc5374ce04eca300854cdeba04
423,1018,432150,c9c4f74855899558c06797a6271a
424,1018,432150,ccc1e328b7bdcb6f0bbcd98d823f
425,1018,432150,13a69d78c4c7c05447140a8fd401
426,1018,432150,371d2c222424ec0f50fed6f0fcb1
427,1018,432150,32a91eb5156ce8eb33d5a03a63c2
428,1018,432150,ff6c030e2b370bb9aca129c6c254
429,1018,432150,f881592b9b01a34ba5990ccfc927
430,1018,432150,9a151d6e5c028815b6f9f95f1732
431,1018,432150,bb69240c3984aa98310b7e453b31
432,1018,432150,6631dbd24a69e7a83ee0d3e868e8
433,1018,432180,376a812f42c0f13a849b14b74b2e
434,1018,432180,8055dfaaed21c9a58992d908d2f5
435,1018,432180,22be65686d174d58da20eb2df59c
436,1018,432180,360431c43ed8a64325bedfff14b9
437,1018,432180,2afe2cb3fefc023302f412e14cab
438,1018,432180,c2fc3086916a602264b401a78b95
439,1018,432180,089c60da0df8d74b979cd9c7297b
440,1018,432180,0429bab5a4630ccd15361cea3ddd
441,1018,432180,ee999e152eccdc81cb8c95147dfe
442,1018,432180,f6f2ef1180624d8760a8a1e78e61
443,1018,432180,b63d6bb4735a95f3785ce89ebbe3
444,1018,432180,ecb5b4544ecaca755c96725bd5b8
445,1018,432180,78f11cba834720f7300b8db16c96
446,1018,432180,93e71a4c58f8029dce41e1882fe6
447,1018,432180,4782a06fd330171b60a5c7c8fcf2
448,1018,432180,a6aa43c57b4cede2b327ebb751d6
449,1018,432180,b500d71987741ece6449bf674cc6
450,1018,432180,60e761b90ad388f839c282bc6d78
451,1018,432180,81e9746a9deeeff4d244674a2acc
452,1018,432180,40c2ce5f9ca29b05f3b083db932b
453,1018,432180,c9affde1ab62b0a46eeef6656454
454,1018,432180,a0930be84295346e17e387cf2a2b
455,1018,432180,622d14368a62391628295b660cb6
456,1018,432180,2bd9900f296c412e7ba582ce07d0
457,1018,432180,b036c161ff5fab62b6c3e9bc31ed
458,1018,432180,d2762f55bd42976b7162bb33bbff
459,1018,432180,57020609e6a11da74a7cdb92df47
460,1018,432180,feba13ba1eccc5567a0805c95e60
461,1018,432180,57932cd86a5a3f30bca2e1e7de9c
462,1018,432180,db6813e5518b917277c05810d1c6
463,1018,432180,c6d3f77a76671bbb0f5a999bf67b
464,1018,432180,3b0096d475d4ddd6d40259dbd675
465,1018,432180,22ef01271beb083f1fa1ef7f3869
466,1018,432180,bf38b41442b555b0a1261059b123
467,1018,432180,520e462845e4d306f8ea79233658
468,1018,432180,56b374712929f0c8b14160d82650
469,1018,432180,2157bbdf7ec1c9da00ea29c6c6fc
470,1018,432180,7bd286ec28cae34759c1c8bc72fa
471,1018,432180,4a60dfb26b575da971c81009ae4e
472,1018,432180,3fe0171b0bac833a3b3de0b940d4
473,1018,432180,0e4b876f41f4da1ea54b745c4321
474,1018,432180,412febd40cc5cdff02a9b94c01c6
475,1018,432180,2e1abefd63e2164d751d7be55e11
476,1018,432180,ee1ab0715af1f72ea56e05c130f6
477,1018,432180,32709e4e69861b8f6362e8e43566
478,1018,432180,2dfb7b3f713d7f98115373c2f5a5
479,1018,432180,b2fe787f57c88f9f91c004d4c5c4
480,1018,432180,0c5d80afca42319b924034586612
481,1018,432180,78a82e8c31f2c5e5ee53e786a58e
482,1018,432180,647f459e701388409acf382563da
483,1018,432180,2f53b0b685221de49841fbc346a5
484,1018,432180,5d0aca10be5ad8ad24abeba4c7c7
485,1018,432180,9d4c1132019e9048dff3833837ff
486,1018,432180,49fe460b11a2e7e272662a0ce605
487,1018,432180,d21f93d48f71f2fd6113ad75f1d4
488,1018,432180,36d21cf7a398d7009fc70deed6dd
489,1018,432180,3b8d7a2c1b626fea0b75ffbe9075
490,1018,432180,26b74ca68bf56f0a043dac6d1aa1
491,1018,432180,60753c10b3c350bd51dacdde3312
492,1018,432180,82c53f171ca7f40cacd0bce3382f
493,1018,432180,070a428217565e9eaf2a8f546db1
494,1018,432180,703e9bfc5615829ed874e8c71449
495,1018,432180,4b948443b61a66d6b4079c473d8a
496,1018,432180,49203e20cad413dd4327fbfa58de
497,1018,432180,5bee08fe44a6370fa82a8482ae23
498,1018,432180,3acb586da986057c28e78b748121
499,1018,432180,f89f686bfa2c5a7e047e4543bb6b
500,1018,432180,915e148e722a605c7aa04a80f695
501,1018,432180,862742f748af846a32c8e9f47ee8
502,1018,432180,a927c8a61189d0d5378d622669cb
503,1018,432180,5a6fc2b29108678cc8df113371db
504,1018,432180,5401300dfba1a9b6fbe838c007f5
505,1018,432210,a524c630990837b45a69c3b3c1bb
506,1018,432210,b4f63181599d602740172418a521
507,1018,432210,d076e21bb994b1ab50433d008f9a
508,1018,432210,dfd9e2ccc535a2c8f8e9fa82182d
509,1018,432210,2ff1d8f6667589cf2719e214695d
510,1018,432210,ad9ed6a48c2d4764d28bfdde9cc5
511,1018,432210,828277a2c7fd17599835391d46a8
512,1018,432210,3267e20fef411f898ca1846eeac1
513,1018,432210,b6c92724b9fd23be81dfe684d467
514,1018,432210,9b29b323a991e358f8c20cb604d1
515,1018,432210,97d99e202645e93b3e8d9032471a
516,1018,432210,0bcfe3f656b4d66a4a1edc49e741
517,1018,432210,c020a222d41305801fe844dd5689
518,1018,432210,25862463d249b3b8fb3c723c5c0e
519,1018,432210,0cf0dc322e80941ebac11fe61620
520,1018,432210,d5cf93916984f355c23007110388
521,1018,432210,fe7ffa6acfe5b5927170887b65d3
522,1018,432210,f34d5120214b318e196a5b6cdbf3
523,1018,432210,442ae5a3fc05fd229314282883f0
524,1018,432210,979f3d6e9ff75a3e6b27b4e692a2
525,1018,432210,3878b6376b1cecc85d489bdf4752
526,1018,432210,3413a521972962c445f14b3d24ba
527,1018,432210,366d735dd4884dd4957559ee5d7d
528,1018,432210,b2f86ccaca6fd570f9250c19c934
529,1018,432210,b901564cc98872e7e7b53b9102a6
530,1018,432210,055a881e1a963e1b9ee49ffd1c42
531,1018,432210,32e358d233e31bcab159d712936f
532,1018,432210,d2757c98f3b2b8eb3777d85a6e3c
533,1018,432210,57a62cb9d959642112e00f5937e5
534,1018,432210,3dce1bb775856aaa3a178237f075
535,1018,432210,5cb4b3dbc86ddcdc4fb47dddfd48
536,1018,432210,b57acb2ebc8389991d4492534168
537,1018,432210,34169d55dd32c3ed48e0b3977e0b
538,1018,432210,956de82f81b169fc061d24d38b69
539,1018,432210,2682b2bdd20fb1a5a839b9f09d88
540,1018,432210,e469a1c73d7c5a8b0706c7b30b9a
541,1018,432210,473da2d109595528aeb1dd4c31ba
542,1018,432210,2886e0cfd2a0b7433b66f48f65e5
543,1018,432210,549d0751cdb8324c64e7b4fe26e2
544,1018,432210,5ec9ae25e61ae6bf0440a75d0d67
545,1018,432210,370b153592a4eea4d721b42928fb
546,1018,432210,392475f75423fa5bc4765285d77b
547,1018,432210,236bf9596418880dc082d8df6f9f
548,1018,432210,668e65081a8ae60cb5ceaaf84cb4
549,1018,432210,9587c9cf0100d294d016c52fcb74
550,1018,432210,a465697772917ae97b5c05d2cdda
551,1018,432210,00216980de970f04daca347200c6
552,1018,432210,2fa20103b25d0f9231b879270283
553,1018,432210,b9b580fd0be059034f422ac2af41
554,1018,432210,79ddb7033b71e317ac583a961654
555,1018,432210,ee913fb08822e9baade278c22342
556,1018,432210,7276655168d0b1b4a47d975a0706
557,1018,432210,3e74c990ca31a57c8c484c11775c
558,1018,432210,27465519ccbb0fff317074207b21
559,1018,432210,184caa13a1dcc2473c8f8a893e44
560,1018,432210,7dc65f58abfabe8f7f45b8ea3c0f
561,1018,432210,96ca225950204f4b91cd5dd945bf
562,1018,432210,d4777d20856801e6c6c3851c7166
563,1018,432210,7252b8d7c02a1c993f8fe6e22be6
564,1018,432210,75dd244ae427bf025080271221ef
565,1018,432210,b8ff4023587c3ca1b55b788b4766
566,1018,432210,fd357bf6644670cfd6410366f32e
567,1018,432210,f00d96ea7712e33982968ff3356d
568,1018,432210,da6465eac80e8316c75ee0fed675
569,1018,432210,5ba1d180bf4cbe7a17b9bd9f79d2
570,1018,432210,69d498c737ac859fd3a233b9826c
571,1018,432210,429ef66822abaf35e7621f499383
572,1018,432210,333d3192f03f1f1fffd34664839f
573,1018,432210,63c6356155527287bebd9ebf89fa
574,1018,432210,bc22edfe3ca15e81c3aad57e0b67
575,1018,432210,46d9cdc956dbed0fbd0198bb5425
576,1018,432210,7689118f50985a6f95b346938ad8
577,1018,432240,deef6895fb26418c47e26c0ccd52
578,1018,432240,4202a28a59a848d13f35f6267926
579,1018,432240,ea5a8865aeb4527e1c362dae95fd
580,1018,432240,56af8c76d944503b18947b03f239
581,1018,432240,510b019c89f9ee8f6e5c3e90d62f
582,1018,432240,d1ca163b055365e818d973457452
583,1018,432240,ad4d2654402964c84f7534fea6e0
584,1018,432240,afe09d38f7e3dd56c8683ae25a95
585,1018,432240,542a5e92ae62f1e10e01652c4993
586,1018,432240,b1d140cec79910f796754a27a34d
587,1018,432240,e2ee90702d2f77e1e79eddbaee67
588,1018,432240,bbf8b8650a24c8a8ddd70803fe9e
589,1018,432240,8a14451102e766dad6460218d20b
590,1018,432240,414eef6920080477c633ddf86088
591,1018,432240,9a1099e672906f18f71092e97424
592,1018,432240,226a50446fc5d3236c0d8346433a
593,1018,432240,243e8f00328a4c543426d4ebf98f
594,1018,432240,13abea588bbbacded4a8ee59d705
595,1018,432240,2885c1314895b09fa29316635630
596,1018,432240,e0dc8913a654ac2b5ca6c71ad6a0
597,1018,432240,65ebf9d7cc6406ab84b401ac51ab
598,1018,432240,332f54199632f71f2ccaf65b3c92
599,1018,432240,de5db6099263a848113d5e886455
600,1018,432240,4a41258e452705ba59d8d6a84f19
601,1018,432240,8e5256f2ba4a2e71eb6ceee3ae4b
602,1018,432240,8d38fe68e4a0880f3457717c7565
603,1018,432240,f7786060b92e7f7461841df45f54
604,1018,432240,11ba13c2072da431ea5cd5a3913a
605,1018,432240,62a4de00844958855c35ad5ea0f7
606,1018,432240,8b278b6c4211cb2ef4053bd60730
607,1018,432240,b29a70bddd5b01bca2993753b9dc
608,1018,432240,fc753f8bfc1ccb0108f614171b53
609,1018,432240,c92acb0689f48d78036c51302033
610,1018,432240,7643c39097c5917c68541d688b5f
611,1018,432240,1b8ce885619970f2abe8bfb73875
612,1018,432240,9cd97ca213ea3f1aea59f8d993da
613,1018,432240,946d18a72119aadaf6fc63d2b0e2
614,1018,432240,c5b7911c803df2b2aaba0b69d635
615,1018,432240,05d6d27a27b3bee7bd43c549699f
616,1018,432240,60371224df5eee0f2803a0e15d5d
617,1018,432240,cdc7b40d3ef94439102db51f3bff
618,1018,432240,8937f1cc8afb70f27d9b2ae832ad
619,1018,432240,6ce3e79e48592d11546da77a8e32
620,1018,432240,bf8204af451af6de72eebf4f48a6
621,1018,432240,b6b6b7ec86711a2d4be3e1205814
622,1018,432240,d40bbd7355cbfa1bf5af52ad31c2
623,1018,432240,19605b934b6e41617bdc8d269876
624,1018,432240,130e004b6b9e6171f80df23d5bbb
625,1018,432240,7b6106c70cb0c10e0d9c3b6357f6
626,1018,432240,9c5698dae1b102c987f0979effd7
627,1018,432240,23f639485bc6eb3e3233e0540714
628,1018,432240,f4702525f290cdc16e426a443b9b
629,1018,432240,5ea1b15403740246705c595b8496
630,1018,432240,7f67742394fa85770890b84c2ba6
631,1018,432240,48ade96f9e1530ec811b1bbc9877
632,1018,432240,3937604e483239c4310a6e6af5db
633,1018,432240,d595e4ac9b1ee69116fd36acee79
634,1018,432240,a1cd57daff7798f63e83137be211
635,1018,432240,d16e4e4670d1841cdb16e0f2867c
636,1018,432240,e565a6fe9fd27393980353681ea1
637,1018,432240,8b950ec29f9fbacb635c67bd4f82
638,1018,432240,47e11fcba087c559ee24f3640918
639,1018,432240,6adc2eefd9dbec22424f85097357
640,1018,432240,7bbb50e8c6075a05bc352be6123a
641,1018,432240,3b43872f27678514669931be7a7f
642,1018,432240,3a01fa9fda3af0c94322d3b7beb7
643,1018,432240,35458311d64a2946a784f744bbd6
644,1018,432240,33c9d865bdc690344c0a8df578ed
645,1018,432240,7c57361f5a0c5824a62627920b19
646,1018,432240,c31e825f9855092792b051252e44
647,1018,432240,08904dfb72d758f772c98aa3ce02
648,1018,432240,4d86cc3eba409934a9b04d45d544
649,1018,432270,8b27ec5f3a3f08e75e72c5bf482b
650,1018,432270,e60f145ab4b1d66f1ec4cf7cd55e
651,1018,432270,d996b9dfb157d165d5b6734fdcbe
652,1018,432270,0bda050cb8730cb4e1a5f37d0da0
653,1018,432270,b24e51790bab8eb51de7038c0499
654,1018,432270,b696d47dacf7fd51296b7f4d2e4e
655,1018,432270,42f766630a9bcefd7e11aa7539ee
656,1018,432270,f3120a87d7d86a0a97cdab3d2437
657,1018,432270,8d80efb963d4c7ce40a4e5fb272b
658,1018,432270,852d7f9aa7b72ec2cdc200341d76
659,1018,432270,bb01737b9bc28f5ed8edf58fdc92
660,1018,432270,0f1e0c90e344d46bc77bd825f964
661,1018,432270,54222f80e6e9fe5cde0408c19b1d
662,1018,432270,d536f1228fa9bd81aec01645dc83
663,1018,432270,ef9538629ffc0f4fd360a608eecc
664,1018,432270,76022caaccb1fed2608262960272
665,1018,432270,d2aa6cecd25e409da02cc66ec706
666,1018,432270,73bec3f579b329f55c5f29460b37
667,1018,432270,b585e64305847a6634ad29664395
668,1018,432270,02aa9cdbba94b0710c9f9e0baf1b
669,1018,432270,be197d6aba0efabf2e6b78108ec4
670,1018,432270,b12cd338967752164a6703ce3119
671,1018,432270,ce0a100e91efd730d80801b89b42
672,1018,432270,a88a86f57e3db5b6672029ba2f10
673,1018,432270,aa39a10d422f16256f7ffa684c19
674,1018,432270,b565e9c7256c7dc954c85b1e32ef
675,1018,432270,095d3bc145df9900bcc0e905ff7a
676,1018,432270,a281585bb01b0965741756e46d6b
677,1018,432270,7047164e5428829a0062b4d979ac
678,1018,432270,c0861c0d930cab61e180937f3599
679,1018,432270,ec677e0d63848f2bfdd4838d06f5
680,1018,432270,75820348c31f53146ee5a9801472
681,1018,432270,09b85958641db9aee679883515f4
682,1018,432270,ead1512b1bd290c62afd87476156
683,1018,432270,cbe66fd11782134bedfeec698926
684,1018,432270,4c339b2fcc915cdb1aed989fd67b
685,1018,432270,78dfea48975d83a8e5f1d862d802
686,1018,432270,1016c3be0f4ff0ed5251ebbd3b0c
687,1018,432270,c6f94840e1128acc5dc1b6378ad6
688,1018,432270,f0cb0dc76ff603c10d01148c5ac3
689,1018,432270,9b4838f62954495b9bf89c3ee7a0
690,1018,432270,08aba39fb12e093a5b7b7d4e5464
691,1018,432270,8e75f6d9632e5e9944e3764b8d4e
692,1018,432270,9ca139e1d1237f376889135f985f
693,1018,432270,75c8b81f2b2d94aa7f30a5763852
694,1018,432270,74f1be2d88ac57987776d7e5e3a7
695,1018,432270,536b48f12cbbe3c58d2869ac6ae6
696,1018,432270,5a401f9c512e1985a465a29bf2e7
697,1018,432270,d955870ca77dccaa93bc44660309
698,1018,432270,2203d3a4385c3821b9dc6b201abc
699,1018,432270,a923125806acb1590aa38accde90
700,1018,432270,722cabc3e3bb244562ac52895994
701,1018,432270,43708b0cda5b1858ec7c069948bd
702,1018,432270,f5b987b5135efee6f3a33386c23b
703,1018,432270,2d8976e8e5b830d881ae9f70cabc
704,1018,432270,b1df6ddf935daffb8a90cddc5fa6
705,1018,432270,5c82cd5a11760fbed9a01d6d4ffb
706,1018,432270,26eaf4ae94c2637e8f52a3916428
707,1018,432270,177086401bbb14fc765802f1135c
708,1018,432270,4f3cb7d2c0abc298f5e1c7ffec69
709,1018,432270,1ba51e3188b5e04860b6062a261c
710,1018,432270,e8c00bded3b66ed8f2b4386b63e1
711,1018,432270,3a2028b33301901318f0f2988d47
712,1018,432270,b74f296ea6812267b1d5ce64d1bc
713,1018,432270,1b6909056bdf11ba90a618a6f76e
714,1018,432270,168c8f2244f8a9121fb4e3e94d8c
715,1018,432270,fae5c7ddfc1153152cbe6b456d8d
716,1018,432270,2cdf0fc905892bc88bd21c2c0bb4
717,1018,432270,1387218e60438dd71b2eaa866ffd
718,1018,432270,07155bab7c4ce7164ad0e7e33bd8
719,1018,432270,e78d95aa8d32c4a6893e275b611a
720,1018,432270,223e070b749b864ccd92023a0324
721,1018,432300,622394a0bd54cf9d78cca14b2517
722,1018,432300,50d7c150dd148fcf2f8d9e6d9e92
723,1018,432300,7b0e284beb54f9849df340484317
724,1018,432300,f605f08e84b0d2f237b92f53ff46
725,1018,432300,784bd100d45f0fa37204a529a557
726,1018,432300,d7b4225db95047c8bb0e7a4d3c68
727,1018,432300,808973959446ce99b87f97de02ce
728,1018,432300,7c17befe2d2e1677b71bddf19a69
729,1018,432300,f9ec3fb29c2fcf738a9b59f8d0f9
730,1018,432300,b9225d024a0b670a511b9c9b875f
731,1018,432300,95c5a712fee087cce05b091aacac
732,1018,432300,27ff2863a101bbf320546b7e834a
733,1018,432300,20af6c3b9f8cc72b0deeb09508b1
734,1018,432300,4d880b7daaa31ba24ed22e9693c3
735,1018,432300,90fb8d539bb5b5218d9b23e0620e
736,1018,432300,74ed8e17abe6ea778a7c4a602d38
737,1018,432300,4ec531f54fda6df40baeed2603b1
738,1018,432300,65fc838d94fc78b27199d237e0d9
739,1018,432300,6ceec80bc1da294a0b7a66697362
740,1018,432300,69fb6fa0bcc8457f4fd7676e7572
741,1018,432300,02eaca62b25975cc0ddf328b908b
742,1018,432300,6512f992685c254d07868b2bc84a
743,1018,432300,f71835c885fc28e7636ac53a9d4b
744,1018,432300,6561c052c4883201366683552415
745,1018,432300,ddd4d90f87b4141bbb5db5d4ca17
746,1018,432300,967c3ef7a2f8f1264932848aa958
747,1018,432300,c057416f0e18adfc0a32332322d9
748,1018,432300,32ba3eeede0adb7acc2f4260f385
749,1018,432300,e343501e8ae8e1d9e6171942ed4d
750,1018,432300,82bb4c4e75cc2b660a615e553ca7
751,1018,432300,2777ee3cf1df84ae571c3bb02228
752,1018,432300,cf67a8abb2f8835f98940e1d877b
753,1018,432300,96a49c22ba45bda3513e4b8731f6
754,1018,432300,89b9c527707800b564062e0b31c8
755,1018,432300,495426c84d2307421e8b9bcb3dd1
756,1018,432300,4fe33e8dff2e3fcca4d16f00b5a4
757,1018,432300,84f096d1e276e9b3f227356fbb30
758,1018,432300,2f2e0691ab42267602f46ba7f289
759,1018,432300,9fce89a957bb940f30fe6dd6c18b
760,1018,432300,52eb5b3d99648716f3ba42c97946
761,1018,432300,3c6562ed8b2058c446e21332879a
762,1018,432300,d0b8ddc347044c59e5577c30cc04
763,1018,432300,ed0555d6ef9a539e7e39df77859b
764,1018,432300,bda935963e0125462bf4e6bd325d
765,1018,432300,42fd58ef22dd0d07c00c62f41722
766,1018,432300,eb39bfc7f7181e5bc677d4861f12
767,1018,432300,5dbd8d40bbe98ba5da7cb3b112d9
768,1018,432300,d17ce3e18ef6dd509f5b8dfcad5a
769,1018,432300,9324228acf93784871a0d064c3e9
770,1018,432300,b71002448f9026cea7b220571bd8
771,1018,432300,c2e517c3e2720eb12339e3f3a4f6
772,1018,432300,750dfb828fc16a3d3e3d17f1d5ac
773,1018,432300,274adbef5703cf92a2072af9f9bf
774,1018,432300,3a1bc6533df039121dea3ef51237
775,1018,432300,e03747c7ee75cba7258c6a65a00e
776,1018,432300,020dd7cbb627fedd13c6e5535bd3
777,1018,432300,3a1b02d2081e575f00e933627fc6
778,1018,432300,af9ed0947f9f110cf4eb8baabfb5
779,1018,432300,1ce448da0da47ab946fadb46423b
780,1018,432300,a56b7cf4e90c6551729ed54dd26d
781,1018,432300,d58ed0bad5cd96876da3f1a86e53
782,1018,432300,560781657d7071550f4471568e1f
783,1018,432300,810e9e967d10457fb8ddfcba13b2
784,1018,432300,7d9f6c7fd6721a8c5b369d45cc07
785,1018,432300,b1e009c016b8343df58364f468aa
786,1018,432300,cc56440054817d1956343a002091
787,1018,432300,4364c2b75c2031f78cf65c17cee1
788,1018,432300,ecb85b633921c75c29d737e61af1
789,1018,432300,b057b5f504310ee2177f90cb6b85
790,1018,432300,1135d4ad4e6e5df3560b9d9132f3
791,1018,432300,96abf34fc1bf18f2a761d2d3946a
792,1018,432300,d6078b17f2f41fc65d991c83c4f1
793,1018,432330,48c44b9ee7d044efabf962f65361
794,1018,432330,b719aef92a9dd844d6eb73f8ed08
795,1018,432330,e0bc47eaf5c0cbb1311173aafd5b
796,1018,432330,1c54dfa9b629df6d30b5d97cb64c
797,1018,432330,8bdefcd554307a79633c558c6ab0
798,1018,432330,3b40ba2a6f16594575d29c1830c1
799,1018,432330,6e4fe8de84b847f4b53a4c4916f3
800,1018,432330,45a50ab42ab83deafa942d77570e
801,1018,432330,f87ce5116de5dd70c6e4ce005ca3
802,1018,432330,6b30d1f970813c43785e377930a9
803,1018,432330,922b3c2a869586a689d702b9c078
804,1018,432330,d4a798f76bfe000b68b8dbd5b9ad
805,1018,432330,5b9ea23eef74bfd695c817c78485
806,1018,432330,426b1ad5bd46eece35895819547a
807,1018,432330,0125bfdc06694250a1c4e80f64a6
808,1018,432330,a1120c5b6b9117cb018252cc8a42
809,1018,432330,e5efba79d07fae2b27a1080f5812
810,1018,432330,70dacd21a214e1666a5438ec52d4
811,1018,432330,3ccd00adc1f035d5c3cd439aec37
812,1018,432330,8ef626b36c59496fa0ff49746d58
813,1018,432330,be7372732466a897fae1c6a64dd0
814,1018,432330,d13819790f860028c6335287fcb3
815,1018,432330,d443b643067fee32cf7eb1a0aa8e
816,1018,432330,75b41ffbc6396503e35d9a7c5699
817,1018,432330,373eab0e6429997b216ef2f3e908
818,1018,432330,0bee7446ae4f393b20c1d8846c57
819,1018,432330,c644a51340359a72cdf4b0ae1d00
820,1018,432330,530014c8db471d0508f8bfaf9360
821,1018,432330,e448ffbf9670ac7d33d15dd1e407
822,1018,432330,75651ce0ad88bbc0a82f8da31e85
823,1018,432330,daa6d85cccb3601782170819e455
824,1018,432330,4f73d2d6add7d9afff1cdfd07f06
825,1018,432330,8e5e184906c69d343bf8360d44c3
826,1018,432330,19d54370024bb97e79c9eb678c9f
827,1018,432330,556158f3577a4e994b7af59dbba2
828,1018,432330,dda8a1d1cadc99a73d87bbd58cde
829,1018,432330,e5ba535558fad0c5f0ed63dbe989
830,1018,432330,ffa03b82c61f492a5a36d2029237
831,1018,432330,8b82463bcfdf840de10906a02c89
832,1018,432330,d472b19cf6ac09200a8b5c02ddfe
833,1018,432330,b0ea2b907e997d84ab03dc9d5e12
834,1018,432330,2aad30797058990e97a606a4a2d1
835,1018,432330,e0688154d2ecc0e85730dac72699
836,1018,432330,149d6dd90e2cfe7a8850bc82913a
837,1018,432330,4883531e6dd40749044ba62d3498
838,1018,432330,e936c42c3af43414f82e485beca9
839,1018,432330,e243ee8c836879c2239b532d4d6d
840,1018,432330,f317fcf49206d7df7f08fc47057f
841,1018,432330,01e8f8eab38e01ec94d2234cba27
842,1018,432330,dd91a1e7c935355676c1a4dc1dfa
843,1018,432330,810e1f24642781618897d506dc61
844,1018,432330,649cc0156bfe538dafbd772a673e
845,1018,432330,ca633b01b1356a70b39d1e56e6f7
846,1018,432330,30a0791a031da89385f42869fe6d
847,1018,432330,e9cb6989e761b4211ba895e29c10
848,1018,432330,b38b0ccb47735a030c2cc978cbff
849,1018,432330,31c2c3256162876554f3abe2f8bd
850,1018,432330,06587409ec94512291bfd73898f0
851,1018,432330,7046d5a5b4dd0ca6cc9d7209e3f4
852,1018,432330,8fa76d6e1d4d52e4a04bc145924b
853,1018,432330,01ebda173bdef60a2495b35dc1d0
854,1018,432330,55deb3998d6e3964b65fbe7dadae
855,1018,432330,8ae0a0691c6e0ff6880bf8abd58f
856,1018,432330,fad5fcdca4a8c29509a96f3cab21
857,1018,432330,bb1c60c7ec99bd8c5c15a235ab80
858,1018,432330,c50b7c60266466e3a83e6db204c9
859,1018,432330,8ce6ed165237e5d2a70646149229
860,1018,432330,3f20ddfedf0520264fbf2bfe62cf
861,1018,432330,361a53cfae7c204fb8a52ac1619f
862,1018,432330,7951825262e8809d325cde73ffa3
863,1018,432330,053aa1a3a781d46ee0487f032380
864,1018,432330,28a22e4ccbf9111063a3d3dfd089
865,1018,432360,785afcf985e286ccbeced8a94545
866,1018,432360,b5c732280f2a5cd805b63a6dabe3
867,1018,432360,c1cb09b901e503877dc11ca57918
868,1018,432360,83fd589a13f8c191d5446be1f41f
869,1018,432360,c979230883bce39131e1e581f8cf
870,1018,432360,72754c07a23a6047a529a1ee88e7
871,1018,432360,59ddd5fd6d4c676f943cdf6034d3
872,1018,432360,a707b4389c510c3367b766cb324c
873,1018,432360,89046501b4fe860b1df3121e9a97
874,1018,432360,fb49b42a5929193d61290e98fcdc
875,1018,432360,1ec799ad69c3252b7de9c724a62a
876,1018,432360,83ad1a47c6ab9a819dd0c094d40d
877,1018,432360,b566878a8b32a9e1977b4f8f97b7
878,1018,432360,e0940d4942a4b8cd1eb2cdb91fe7
879,1018,432360,20ba22620c18cd6399ca57f3a998
880,1018,432360,1cfa6c6084c45d04aa54a2a7d57f
881,1018,432360,6630d20da8f8dd5013fff0ded28b
882,1018,432360,d08a74e97043f5e16d811047f154
883,1018,432360,d3981aa907b99ea3a3b1ac5e6e6b
884,1018,432360,b842f4c8bfd1cff5eb2c8eb59ad6
885,1018,432360,dddc29d4d3db5e751fd0c289c30e
886,1018,432360,f014166791403b0c32ae605e831d
887,1018,432360,a97164e28c3eca8ef448a015386f
888,1018,432360,f0cdea9972907b4f467ace5f7c46
889,1018,432360,d58061ba5d1740699d924da8f937
890,1018,432360,29b533b92b8cc5c3cb9ac9283071
891,1018,432360,ce4c1653700bab7e01e483527d5e
892,1018,432360,247d8ebc78b130c332a92fb7570b
893,1018,432360,fc60b1cafa0c934c8a3b5b6b7fe2
894,1018,432360,1abb9288cb6a9a79626ee270c746
895,1018,432360,36257ee1119a40d13aca7cd0e07a
896,1018,432360,777941ca793b037b65e599f5c048
897,1018,432360,4130450bbe05197836d924fc1613
898,1018,432360,21ed8ef2de52f697b497aeafec2c
899,1018,432360,d6b12c76fd4b6747184f45df1c75
900,1018,432360,140f1445ade9670f46edf80fada0
901,1018,432360,fbcd0afe88c58a01ba61ac18e36b
902,1018,432360,db9a0d3de43cf22621ed03aeada6
903,1018,432360,e56c1fe7fbeeafcfd99d84c223f3
904,1018,432360,74befff6e4a785d7eca14b16c42b
905,1018,432360,6382d330c3c898a811ca6f29c158
906,1018,432360,4fe09ef3e21e9e5cde1369accd8b
907,1018,432360,fb908b12adc50e5ad19f8a22ef98
908,1018,432360,4dcb2676feff89c27db032542383
909,1018,432360,2b5ae4e72554997b3b3dc894309a
910,1018,432360,2c7104c964996922dbc307cb87aa
911,1018,432360,c73bd8206ced22ce3b249688f017
912,1018,432360,a8ebe2a546b1ff31483b736b072e
913,1018,432360,17ec41330648d04274cd6361d6c3
914,1018,432360,c8b7425a666fc68bc2404cd98d51
915,1018,432360,4525dba51fc8f7989247fcb5c7de
916,1018,432360,88dc7f75325cb60e6c6773519691
917,1018,432360,e411afc863e075a2526b877b4ada
918,1018,432360,9bf842f68aae79b30bdca4fe8167
919,1018,432360,e661735c1dd89282ee3d0ad358da
920,1018,432360,351629ce4b54ada84ed6b3eb30c3
921,1018,432360,c401e1b7b4820ceec47430a45466
922,1018,432360,9a115c07f2d34c5adb053c1376e4
923,1018,432360,8155663e189b85c057b4d556720a
924,1018,432360,3d30b185fa89e753bbff55d087c2
925,1018,432360,5cb5b1b6242391bc80f67e4c7303
926,1018,432360,3fbb667ded8f99dc9028d488fc01
927,1018,432360,54ee88affbe1411cb1f17ae59732
928,1018,432360,26a39d01fe306562e7793fe768a1
929,1018,432360,72869b0d652076735a7a5e71c4eb
930,1018,432360,2f9caf6bba13501cd1dd39b84d07
931,1018,432360,894a2dbe10727a15bb3e45bf46ba
932,1018,432360,bdbfa59a1ab0fddbdf858c8914b0
933,1018,432360,e9eb1bbe7af237d0e95d5ab03a05
934,1018,432360,1ea62759a9f80ee6ad28aedfd022
935,1018,432360,1fbe57b3c372672640effb1445d1
936,1018,432360,48f0a3fe00d7e0f9478ec0aba79a
937,1018,432390,4452054dfd73e53b5afb16d99c23
938,1018,432390,7b4bd393efaaaa105fe0dbe072c3
939,1018,432390,dfadf9fde791781c022fce78260e
940,1018,432390,4ca44691ac73ad060ef67e05c5ef
941,1018,432390,089799eb00142d288b9069bd2b7a
942,1018,432390,9f5da827f6148760442082cf685b
943,1018,432390,add6b05f7e0ba6f899777e57845a
944,1018,432390,6e887592a7c0a491dee2e5b9bb85
945,1018,432390,cfbdf520d15e564e84dc48c1c9bb
946,1018,432390,8d6e9659d4d95c29f65d64dcc6b4
947,1018,432390,6e0474951380f859ab90ce64b445
948,1018,432390,12d0af772221cce14593eabd2197
949,1018,432390,e8af373cbb639ff62dfa4c41cac1
950,1018,432390,e2fc295041c5de65ec76ff2a61dd
951,1018,432390,33fcc38f6f6320b3a22a49f44d6e
952,1018,432390,e1eb0cd1e6557fcb17eba5ad8924
953,1018,432390,e396819486019d1b66590b75ee2d
954,1018,432390,482953229c0b81baa8a334a58623
955,1018,432390,bfb7a5a0cd9da818fa031386cc13
956,1018,432390,9db3b433da5f166f80dca4120298
957,1018,432390,61d3ecb0dee675bc1d4a4fd0d8fc
958,1018,432390,7b2fee6b150e1c10e884112933be
959,1018,432390,b9a6fae090a1e4e6a8c0f0d3e740
960,1018,432390,0252d293805d585e51b9c998080c
961,1018,432390,73449b3741b29e36eb9c755d9e85
962,1018,432390,f6a9703712b4cf79f34a971ab921
963,1018,432390,9b9782db7a1f49288e22f9edcaf6
964,1018,432390,ea2eb2657a9d5bba5c0b99e8b9e9
965,1018,432390,c0ff3319c83c497c27691472f21e
966,1018,432390,63d3f8c4a876364cfb950b08e6b9
967,1018,432390,5591cfa04924ca6fec9db3487ca2
968,1018,432390,6ba757d62a98805109889b82df7b
969,1018,432390,65690314debe2366cd935e92758f
970,1018,432390,e304d896a90f5d0cf201daeb8d05
971,1018,432390,f7c35659c008e8a6797131ffbdf9
972,1018,432390,f6fd42ea246d18773330a1ed23ed
973,1018,432390,4f361f52d150f746efa4b3272b1b
974,1018,432390,4a55803acb0de787269a5a0bdf07
975,1018,432390,62b1d5c81f8061671fae64d4c6c2
976,1018,432390,795541c1bdf9ae1afc12bffa5183
977,1018,432390,55558886968dcf5156e08f123e6a
978,1018,432390,312c45794ca9dc3f37132a851b08
979,1018,432390,05b2c891c87107891f5cd77d03bb
980,1018,432390,48189034ee1d98202bc1be9e7041
981,1018,432390,5e716df6d1b27bbde820b6fc719d
982,1018,432390,c42cef0700df6f0e461defda7965
983,1018,432390,f9ef930928d8797c0020e34051ae
984,1018,432390,e61e08d2647cefcbad90cde90038
985,1018,432390,6d21b13dc6408f1b7f14930513b7
986,1018,432390,daee8ee104218d83459020dd9ac3
987,1018,432390,18cf613315a1aea5d959ed10ab99
988,1018,432390,cb2d17462f02e005c0e084f3b7c4
989,1018,432390,2f89c1aafc0d8c325191baa61fd2
990,1018,432390,c13d2c843f1345908d497c57402a
991,1018,432390,750a9fc4a2c2636d99bc25e31f8a
992,1018,432390,fdd8243a034e5685e477becebd16
993,1018,432390,d8d0b106081e33f7772bcfb0c6f0
994,1018,432390,483106849c10ceb08d4730bb4aeb
995,1018,432390,8c39e4a230a8e18ea236d6b01246
996,1018,432390,357bbbc8bd301c7ff9c91328dba1
997,1018,432390,615a09bc5b5f67866d19ee8ee87f
998,1018,432390,f9f7282d11b0e6d41ebf0312e6f8
999,1018,432390,df157506b83068d1956c23dfa434
1000,1018,432390,32850302fb03f5ee0977855a69fd
1001,1018,432390,b9023d1d778e8784556966a131bf
1002,1018,432390,48a58077efb653acb3275a1c4d64
1003,1018,432390,578ceb359fc90ff777bc3090b22d
1004,1018,432390,3c7423b80a7809ca22ccc0682772
1005,1018,432390,a439295da2973c1dac01addb2f35
1006,1018,432390,29dada3b4a67db46f7c311406024
1007,1018,432390,9ac6d9a42222be4141f96f7be80e
1008,1018,432390,45e5e203cc4fa5e5c51f9fc3bfee
1009,1018,432420,12ea81ef0d6124746ee40edd4e0a
1010,1018,432420,6f123bbae4321330cfc7a86a6f66
1011,1018,432420,ef00e3fb642c50a2ff9d1ea30b79
1012,1018,432420,7ca9ca31a1abf0ef825ac3ffec42
1013,1018,432420,31d092045de707dd3341489a76b0
1014,1018,432420,2463b9d703b14c639cb8d3447010
1015,1018,432420,44896d0229c92a51cbc944e5aee7
1016,1018,432420,64413792ac0d468b1336a77fb668
1017,1018,432420,75317cf891526d3499cb01c895e6
1018,1018,432420,daf219c5d5dea69eb0f48f26e827
1019,1018,432420,95f0559d38d0420ca136d1ca86f1
1020,1018,432420,c5a03813c82761b648b0436d31ba
1021,1018,432420,db5b1e5168943842d261d27e7b8b
1022,1018,432420,4e8c18b3da81952d85f131da1bb0
1023,1018,432420,67a0d52622cf9489304150ef6e6f
1024,1018,432420,15423ccfa80c1be395d88ec4aabe
1025,1018,432420,cf1d13cf10b639cb5e3ce050785c
1026,1018,432420,b874be5274a91c97105d5f7b8198
1027,1018,432420,b9eeeb34bdee0bb5bd242392624b
1028,1018,432420,a448e39b0cb35f3c95da43bc176e
1029,1018,432420,4e6d72f10f5d4ba1dfdfdf193605
1030,1018,432420,5e97a32f1fd2c9b2212a261038de
1031,1018,432420,191bbedc26e3038c2c40991c6196
1032,1018,432420,80580440895698a69981d674e54e
1033,1018,432420,8bd3a092b8e42d213e03b0374e4f
1034,1018,432420,b54bcec3fd8cf8f6b12c159d55b3
1035,1018,432420,6caf851cc81916730a3f8bf6bb3e
1036,1018,432420,fb13af77a513de5f67e36d8296cd
1037,1018,432420,9d8a0b6306f2e84ee1793e97637e
1038,1018,432420,839e04f43ecfd8e0debfb3a18163
1039,1018,432420,8792da3be6a482cc95d9bcaa0f30
1040,1018,432420,49dbf161b9c9ab8411d9be3e4f8a
1041,1018,432420,26800b7fd08da04e7413e5a1429f
1042,1018,432420,44d624cba33d9ca2f26fa3606d80
1043,1018,432420,44bd60559063c0cfb71eeb44e8ad
1044,1018,432420,08bb2482804126d303ebd62a1c7c
1045,1018,432420,ac4ba606307705ba3ae365f11066
1046,1018,432420,e790dc1ed38bdab6cd5bcf0e9a96
1047,1018,432420,7a1a802f2ff4959020426082578c
1048,1018,432420,808f1cfe38c39a9f988c17ac8fb0
1049,1018,432420,51c36e3321f43bd9f45dca552389
1050,1018,432420,0428ba700c4e17d3b5b9dc8f946e
1051,1018,432420,8a2b2d0270a336f28e63edc810e6
1052,1018,432420,bb3f8033a18aee552fda73c395cd
1053,1018,432420,52245a7adecd2d69b9c1e5a4f55c
1054,1018,432420,2c38c3773e875379f4597704dda8
1055,1018,432420,477d31a9947ddd4f06d461f874d8
1056,1018,432420,a87795994200129fc5409a9cc3e8
1057,1018,432420,45c7f1ec4d6d24e97cd68a3f4494
1058,1018,432420,5d81031c3b4cb9f92ecfcb4c8556
1059,1018,432420,d2585dc34b0a4f5be8c430eed27b
1060,1018,432420,f6f7015779f77e7f2095dcb553b7
1061,1018,432420,b74904e32eb5e1601a75a7632b49
1062,1018,432420,08865f57572dda49ce616ac79ba6
1063,1018,432420,3c8b8ac5c1be17feb93c29f3bed0
1064,1018,432420,025bbc3fa89e2e74aeec061d09b7
1065,1018,432420,4112d7b96845f89d9eda99b092ff
1066,1018,432420,b14a55c648dba7d8ecc90ecb808e
1067,1018,432420,e9976e79b9780357e3b71bc71e17
1068,1018,432420,593c2ff6ec88e867f89f8cfcdbe3
1069,1018,432420,c7d72f7f7650f81afa3c2cce296c
1070,1018,432420,c25a81dc455cbadd42b1221317bc
1071,1018,432420,978c1896b642a27befb30ad73b9e
1072,1018,432420,39feb9a4932d5b27c60e0b6abf9a
1073,1018,432420,6e84194a63ac23560d5d6821f127
1074,1018,432420,8b3b5b193a1d91fff40d225c64e8
1075,1018,432420,83a5c367064207085edfb308c504
1076,1018,432420,74aa9ca1a86f1e1087b0e2e91436
1077,1018,432420,db65ddbf5cf399a7336d9013e258
1078,1018,432420,16e38cc4348cb65a7b0bdd16170b
1079,1018,432420,ff71272f75c0722355e8ac14ae43
1080,1018,432420,30252ea92eff78d90c58a45f21cf
1081,1018,432450,f844935185c5d37b7f8358d96cd0
1082,1018,432450,4e610275852a422afae6bbd958aa
1083,1018,432450,5b73c78be6c1f8e451c16500221a
1084,1018,432450,10fd51748fc612725f293accfe49
1085,1018,432450,b00a3c7e3bc58c5329e24fdc6320
1086,1018,432450,389fcadbbe894114bc5cbde8c9a8
1087,1018,432450,59fe28520310cfeaca6cb430be41
1088,1018,432450,486eec9cad84f5466ea25a2b2ab0
1089,1018,432450,8da9c77483c9c8fa5379ce3f3221
1090,1018,432450,284e775134b610be964b433783a8
1091,1018,432450,6a43167ed58b63c48f4cde95f5f4
1092,1018,432450,1c9e82b2eb859bbfca08a96a1a14
1093,1018,432450,1e6dbbd9ed4524c3ba836c63d566
1094,1018,432450,c6f4880d7063ba00ed113bb20337
1095,1018,432450,5f60e52dda66f7ca5ccc6e7d9a5c
1096,1018,432450,48ae0bbb7a1247bb67d4621519c8
1097,1018,432450,3a017abcb4e111b9febd584e6de4
1098,1018,432450,681e1c8cc1a48613a28dcfffe3bc
1099,1018,432450,6196ddd01e9053661e400b558379
1100,1018,432450,c4516999aedda13a53c6ce0c9ad6
1101,1018,432450,ac9f57dca386e55e67bee4f36fc9
1102,1018,432450,50efd1c152ab9c36f404a415e1c1
1103,1018,432450,43f5acdff5a4cb8a71fb59273316
1104,1018,432450,51cae3f24ce2af34c30fab1f7695
1105,1018,432450,1b02df8337e6a55b92c05006e4cf
1106,1018,432450,72450891c18a94fdcf2f855e5ee8
1107,1018,432450,f34d28a7a298970e06c8d7806a7d
1108,1018,432450,e65d8100993831c24f8797378b94
1109,1018,432450,fa0db5a3d3f5e8b94d37703f7555
1110,1018,432450,30e8f9771f4191404cf5e8c9ca37
1111,1018,432450,4df928bb623b979d71db7d8ea0b4
1112,1018,432450,6dafa35c3d75ace371d48f36075a
1113,1018,432450,c3b9ea9cdf13011e13a92840ff39
1114,1018,432450,a24fbb2e12ec09594a3318f13ecf
1115,1018,432450,572d07fe09982eb894bc27c06ae7
1116,1018,432450,3a719c29089ef7c1a220e27ca49c
1117,1018,432450,24509d48ed0f36f5698d0cbe9deb
1118,1018,432450,450fb707117c6efccc4aa0a68d3f
1119,1018,432450,b6d2c87fe35dc1cc42185938e853
1120,1018,432450,8409d449353015304ccec0d1c790
1121,1018,432450,2fb372a580a17c96cad7b008eb14
1122,1018,432450,dea4b76d248247595714a6947494
1123,1018,432450,ef1f9ec2457cba4c57b1ddaa3970
1124,1018,432450,bd1d4969168d4056d0d07d5ba6e1
1125,1018,432450,2cfea52d485c09980cb3b093960c
1126,1018,432450,665639b000a478de851a0a3f25aa
1127,1018,432450,3cf5261833a2295f18cfc57dc241
1128,1018,432450,640eefdad1174fc5df85864e2cb5
1129,1018,432450,7c992cd77f2d21df45e29f950b60
1130,1018,432450,ed0a34dab96e0c37612ca9c21d1e
1131,1018,432450,b21faa81e4cb64249c961bc1264a
1132,1018,432450,88e64a49d55a6cdfda54dc14a262
1133,1018,432450,bec84f421e5bbd71387f957bb442
1134,1018,432450,bf0b7acca409e2b226c5fba9f432
1135,1018,432450,53d96298b444f8db55e9a6ea8310
1136,1018,432450,65bd90b76b2d14a8ca4056387756
1137,1018,432450,c311d982a27b9895ff1c221d00f1
1138,1018,432450,c84eae752d0b1e50588bb3379bfe
1139,1018,432450,1e37210cee0a8ce3455024c4b5bd
1140,1018,432450,d744e9175e6fbf0e38173ecdab1b
1141,1018,432450,e510f505c0a5cdc06b7498c98ef7
1142,1018,432450,9a7b9faa58fce87bf8488888687b
1143,1018,432450,aacb6adf0855d16d06ee5080e8f1
1144,1018,432450,24148800e3e67fe5cac3fc330428
1145,1018,432450,522442d26e6416d643ece4d0aa64
1146,1018,432450,a32d71759645565506adbf9e5516
1147,1018,432450,a8a64c29e0098525a2e41e46bba2
1148,1018,432450,f0874a2811e6413165b3bc3c7f5e
1149,1018,432450,2cf17d80059dbadda2286b652652
1150,1018,432450,7b7525bc49246f0b94aec506fcab
1151,1018,432450,af9119491f352fe7f1aa6506f2e6
1152,1018,432450,dc9a51661e8c17083c35309fae94
1153,1018,432480,5872106f7ed855538c7095495be0
1154,1018,432480,c87ba983ca80fbb03670db95f16b
1155,1018,432480,3097c5825f8908cc647511c44378
1156,1018,432480,fc71d56b8858618923665b9006c0
1157,1018,432480,00b5d8784ac2083a5c6ddf40b668
1158,1018,432480,bf11bee7f0d26ee3aaac51f50fe5
1159,1018,432480,0798bab2d896c883e24cbf656466
1160,1018,432480,aeb7c155ceddef4bcb2a76bdd970
1161,1018,432480,9dd5af83239b2bcd28363a22ea4a
1162,1018,432480,c128291ace68ca8919131e94d153
1163,1018,432480,380ccce7b5eb4b39ed689e775544
1164,1018,432480,6151a4c3084de997613bd6369386
1165,1018,432480,f49efe24fd5c28162a28e659ff50
1166,1018,432480,a2308f265848f0df67a1a185a056
1167,1018,432480,32845c8a2e5b7aeaf283de8f6573
1168,1018,432480,250e20251d02ccb5745017231bde
1169,1018,432480,86998082bd4b40fe90723ab9f5f4
1170,1018,432480,97bba9aaedfa557a834b6ea59acb
1171,1018,432480,25522713b741c7b7efa81a308042
1172,1018,432480,d87206a98081c4d2346406306fef
1173,1018,432480,7e641a8d56907d16a54ffad74696
1174,1018,432480,de27232c23dba9ee0b7bae2fddef
1175,1018,432480,ac001f70f7d767be356e0b259a8a
1176,1018,432480,d6c6a7854df0144fcdbb507c8bc5
1177,1018,432480,988d2744e49ff77268ae2bf13ac6
1178,1018,432480,0df1fb2c9567a2b7df29012bdfd9
1179,1018,432480,a4e96256126b1f19daf7369ff5d8
1180,1018,432480,3cd06b8032f0fc2d714e1be06e7c
1181,1018,432480,71bfdf90a2429934054ab80e9f7c
1182,1018,432480,44441fa89a2adc15485b616f4de0
1183,1018,432480,4a91812703870a920ef48350f5f8
1184,1018,432480,ae3d2b28252eacf8e6b6624f4907
1185,1018,432480,9d5589a6be56924af89dae33a75e
1186,1018,432480,433bf57b3efcbc1327d319fdad13
1187,1018,432480,eec296051de8b4d8bb7df33d0715
1188,1018,432480,d3613b06c40b67fe06581bc4b54a
1189,1018,432480,684c56f2da88307c712b0cb67b37
1190,1018,432480,85c397880a7d80f94d1c6d575a2a
1191,1018,432480,0c035d787f5cd80dfe03dc6d0452
1192,1018,432480,a82c868cf499f46c09dfce1482e4
1193,1018,432480,6b711e527b7adbb3cd78eb384324
1194,1018,432480,9cbdbe43c6d1b4c8d2c9ff3b26fe
1195,1018,432480,ed7e1e2b505bd5488b9073dd8ee2
1196,1018,432480,889804fdb784a7b7bfd1fe0592ac
1197,1018,432480,31ccef1f2ca673c565ce8e9f4739
1198,1018,432480,720b44b762bee47974e50566639a
1199,1018,432480,9ff043de5ee6bb7bcd49b9606d06
1200,1018,432480,661220950903d19512d029b72d0d
1201,1018,432480,e1f374b679ceb531fa7dfb24308e
1202,1018,432480,913713e81a6d83a4093e6152525d
1203,1018,432480,35f0675d5c31956da6a0443736d6
1204,1018,432480,ced60f3d5baaf6a36b641eb24304
1205,1018,432480,21dee32aa4f8d86cf02b45c302f8
1206,1018,432480,d61416d06c44663f9e72dba36fbd
1207,1018,432480,09d6708b9bf7ee30e8e54d5f4b26
1208,1018,432480,0d585c413874e0155c9b74b420f3
1209,1018,432480,9309dc43c1dc819ed160126c5c03
1210,1018,432480,59634c1a8a07ff0c4bf502695d2d
1211,1018,432480,199f253b6020c10449e403de8838
1212,1018,432480,50eb227cf94456b5e412cd668280
1213,1018,432480,67c6b0142e3be12ab53997fd8bbd
1214,1018,432480,6aeeb135872f573acef1127b5145
1215,1018,432480,6c573129332eb6bd3d7f93359568
1216,1018,432480,881d71780b94bf130a246825d6a4
1217,1018,432480,76c4ebcecb96a6d4f9c9ec10949c
1218,1018,432480,ce14ed59f714fa56d66363b913a9
1219,1018,432480,17ee1a4088dc1a03f1c88ef33768
1220,1018,432480,d9ce19313d681cd5fc6f506de4f2
1221,1018,432480,c18c86d24342e0bd6bc7001325d9
1222,1018,432480,5cf830c9fd41d3984d2882db9fb6
1223,1018,432480,9335422cd50066cfe491a685088e
1224,1018,432480,a569e219c3dd8081ba9ae8cf6d79
1225,1018,432510,d8644c950dbf13306dda1bd34d9e
1226,1018,432510,d84b9581a566cb97be59f8c469ea
1227,1018,432510,06ad20d66501bd2d7887774a9760
1228,1018,432510,8c7dcef4e354ac946d01e38dfafd
1229,1018,432510,6c1058b97e9d7339e8284cc167d5
1230,1018,432510,3f09fa15904cda3918efb7f297fe
1231,1018,432510,a5b67f2d3134d6b51ee875c38a95
1232,1018,432510,1e3a69d63c71edc6616a9d2d3e9e
1233,1018,432510,578bde390e936847148b8e4892f3
1234,1018,432510,683ebd86bd83bd556d81b50d67fe
1235,1018,432510,295ee1c2ec7512893d21356ad272
1236,1018,432510,f1bef8a5acc244ab1379c495e21a
1237,1018,432510,9697d3968119fa6d59b8d8d53891
1238,1018,432510,613c27858b0a283762b25d8d0bbb
1239,1018,432510,d449fffa5bfce726995fa3de6b36
1240,1018,432510,96a4fab33d264a954623c83b3114
1241,1018,432510,aecac7aaba04d068045b61cdc287
1242,1018,432510,1e327de3808313603a0fa1078393
1243,1018,432510,3e92a23a7623d59d87678ec2f2b2
1244,1018,432510,ac622c6429bc6327c18b1f991f81
1245,1018,432510,3c27ad4e43070c306d09277ad5e8
1246,1018,432510,f55de6527bb01d3b275457fd1034
1247,1018,432510,e97a6b4ca1a4403fcdf99c613a81
1248,1018,432510,2e84ff1e885e6f49042e70c333d6
1249,1018,432510,998c2e00d54787e870eb0607b8b1
1250,1018,432510,8366642aec07c3809db5f4fc0633
1251,1018,432510,72ca178223129a868c039558e364
1252,1018,432510,89c19c488422e8bb65d9c50be83b
1253,1018,432510,7d2a9b1f62bf61778018466f8449
1254,1018,432510,e4a25cb9eb276da9f80d787d9ee5
1255,1018,432510,35ffad626006c3a0dcd6abec6e2d
1256,1018,432510,4fe71ac354a853fe2e727dcdf5e9
1257,1018,432510,09db55e580d54ee191d02cc8eb6c
1258,1018,432510,056d2e6553a9f762974603c308af
1259,1018,432510,bdf30abc6655e1d00498c44d4826
1260,1018,432510,88fea8d58c9b9aec232d34b4538f
1261,1018,432510,4df658596ed5f63ea9b8d7cde918
1262,1018,432510,f3061004141c8e100f02d36d1dc6
1263,1018,432510,fb2c23e35c2c204bf5ad58a2321c
1264,1018,432510,9a2fda16effa3558376075cf9cd8
1265,1018,432510,f4669644d5b7554a3dd34683d3c2
1266,1018,432510,2f1ab1c52a161db5ef6a487fb410
1267,1018,432510,d7bfd78e7a72971a136ef106931b
1268,1018,432510,3e9f440a0e9a0087cd99fdcec4d9
1269,1018,432510,90a05b7c2ac75c016e0b36cbc769
1270,1018,432510,bb78b2d52ece19081d26e678d7f0
1271,1018,432510,90741cd166cb571f48891946c323
1272,1018,432510,15784d56fba8abffe8d7fb5ac850
1273,1018,432510,9c1d5ee8136ec61eb5371d2e6e3a
1274,1018,432510,cb58af3accfa0bda802a8d3f3f98
1275,1018,432510,18281bd699656c6c9111ef6ea963
1276,1018,432510,04b73a1613b1efa574a7401f8b95
1277,1018,432510,b1b59f73d41379b03294bb4c6838
1278,1018,432510,bd19e8359b4c7fba1f2da3d006eb
1279,1018,432510,42718953962f938369516e548960
1280,1018,432510,c36cac8e6fc51e10ce6aa948321d
1281,1018,432510,9995944b19b315c6f57954bcede7
1282,1018,432510,264ccee24d663b3c197d3d798339
1283,1018,432510,ca870c14a083fe19ba12641d5007
1284,1018,432510,6beb9dfb2d1cf364c7f562f5a27e
1285,1018,432510,b13ad26366a34aed82a6024ba06c
1286,1018,432510,709c7544217065c434f41af87be2
1287,1018,432510,2da57ab0a01b9c84132e8147e756
1288,1018,432510,4e74f3b5ddb86fa89cec314be889
1289,1018,432510,76ef1450f6dce961d35ae43c50eb
1290,1018,432510,0645b6bcfa0d5fdeba7bec686596
1291,1018,432510,84d93c2d121296fad745fdef6b1b
1292,1018,432510,86283187bd20637f4602ac710d71
1293,1018,432510,0d5f97bae6b8598f08b8546ec07f
1294,1018,432510,fa944743bdcdeb61937a14fa6a64
1295,1018,432510,63177e070570a5b482b67a71f796
1296,1018,432510,2818e64db0c33d2b3bb5ebd955c3
1297,1018,432540,bd00178f691677f39732abc83290
1298,1018,432540,e74a40767677908a283dc2d46246
1299,1018,432540,cafae007261ddc70991ad6176447
1300,1018,432540,08c4f1698569789a45f914a37017
1301,1018,432540,30c8439137597ada1aaaedb6818e
1302,1018,432540,09782d26fd3ca49ebe61c889500c
1303,1018,432540,d33cdefb1933fda657ee79f57ff1
1304,1018,432540,957d705b8d34f33c229a7999cff6
1305,1018,432540,152d9efb8d35b30398ccfed78772
1306,1018,432540,626121a4ca9ea2032e6438ea3fe6
1307,1018,432540,bac3875066a61adf8ae77afc3887
1308,1018,432540,ef7512cbe5d87c84df771d561ae8
1309,1018,432540,78cb3090df40c8a2cadb580d5b7f
1310,1018,432540,dca98463af34e277e6121b5c6617
1311,1018,432540,2580a6dba48f308413691727bece
1312,1018,432540,f1cd9c5470b6a9ca743cec8b5b8a
1313,1018,432540,3bbea1a1af1301af5c54bc8a7335
1314,1018,432540,4f04ad6bf2cca39319ab1cdca222
1315,1018,432540,dc9c6939b2e182b9c03803fb5b2a
1316,1018,432540,12c5f064173036e6b5a380167ecf
1317,1018,432540,504a1759612933af53eb95daa1f4
1318,1018,432540,d2f05775523011fd439f304c13af
1319,1018,432540,770f3baf7666a4d7d00e71ffdf02
1320,1018,432540,3598198d3b4f4efba52b039b8050
1321,1018,432540,d7f628c5bb6136eb87b0c06f23a6
1322,1018,432540,1fcce871fa956a2484c946ce5704
1323,1018,432540,9daa4a870c42c6bbc75dd46be4b4
1324,1018,432540,9c965ed35b3412d82f527207615c
1325,1018,432540,ad7716fecfd9331905948550989a
1326,1018,432540,7432b264da54a3b009c8585a0627
1327,1018,432540,3440a85793e66b207afd7861a823
1328,1018,432540,6795aa6318bb616de1a5d7c08a58
1329,1018,432540,b14afce5382db73e70d65a3c4c4f
1330,1018,432540,48a853d4633d8642097419577298
1331,1018,432540,70f71c9e7b54fd952b572d519ff4
1332,1018,432540,736aae32ed695b11de4f1d6b76b7
1333,1018,432540,69864a557fea0c1f05726ba83102
1334,1018,432540,7850381b1103c62aafb4673aff5b
1335,1018,432540,2cfdaf29de20f50d90418921688a
1336,1018,432540,54c61b173c4c2a7dcd72f2ff7612
1337,1018,432540,6bf92f9395606f5fd119069461b3
1338,1018,432540,08ea9642c14df9fd620a87884e8c
1339,1018,432540,4a901cfd6f6e6fa70ab3de3f0526
1340,1018,432540,a277a330d2173940268eb01c09a3
1341,1018,432540,217ea6f55efffdaa21fdaa7c51be
1342,1018,432540,f9cef62ae1d188102f85cce12a1a
1343,1018,432540,c65f5337cc3b9714eae22eca9043
1344,1018,432540,a1e0a8a5f80a89fb3419ac5655ce
1345,1018,432540,fd77e3f58f789361cea941393126
1346,1018,432540,348f8de2b9a1fbc58e233e2bc592
1347,1018,432540,76e3da3eb22b0d351f7829236130
1348,1018,432540,cfe9c6a5f96317207f6d661b99df
1349,1018,432540,aef56548d526df071de85ea5ef1d
1350,1018,432540,c8b4a040e09a8cce05f2003cafed
1351,1018,432540,7160b17993fe36dc508e19c84011
1352,1018,432540,7dadb26b2b8bfa6a107c07c32ce8
1353,1018,432540,21421eb071c93c674a4ca508328f
1354,1018,432540,d8815e7f3283fa87765819bb2e68
1355,1018,432540,6bdd2e8fffe8530d6e8003457cdc
1356,1018,432540,67891937fef14f5d532ec3f2a4ec
1357,1018,432540,403b2400356d274028543f14c3a3
1358,1018,432540,0e6e1bedabe13543e9f504f2b50d
1359,1018,432540,1bbc276ffa54bc8d27a76c164a19
1360,1018,432540,cb9dfb1c1f5fd98d2f347f5eec5c
1361,1018,432540,af1503ca7bf2c5b2a664801bbd5b
1362,1018,432540,96588a6f21edf13e6c236a74e347
1363,1018,432540,3847e463802711574954059f9440
1364,1018,432540,2b16698d11d1d308f2cac57b9459
1365,1018,432540,ecbb9b03313acc71cffbe6780863
1366,1018,432540,b5e0388ad33dc89222201c948d45
1367,1018,432540,17cccbcbc63adcf011ed59f263d0
1368,1018,432540,f2a78e6c1b2a2c8fd7b821c51172
1369,1018,432570,48a3aa5f26bb7de78b218b610fe0
1370,1018,432570,1532fda8b07d163e44e3ba01ddd0
1371,1018,432570,f1bd32df2b1f631907cc7c9018dc
1372,1018,432570,2ab00f075379fba0a10a434b3ec9
1373,1018,432570,40ea5261419912810c91da937f5c
1374,1018,432570,8e9744e4716fc77729df9c881447
1375,1018,432570,7a662d70e45b9fa89745c988869e
1376,1018,432570,0fd189635032aeb24ba96a52c994
1377,1018,432570,a349cfacbfedadd580c198bc7837
1378,1018,432570,a34dc03d02b5807cf424247969fb
1379,1018,432570,87145b8c3fe247dcb535876ecc90
1380,1018,432570,1068f62c7aee867a5686ede9a4b7
1381,1018,432570,da7e02be2efcd77863e3c4b56586
1382,1018,432570,a4a6a1a454a0e4776ceca5e2baaf
1383,1018,432570,6b954ef443ea54a4e5ccc94c72d9
1384,1018,432570,86a4aa2648fc2a84090311b41874
1385,1018,432570,d96307b562cbfea3337fbbc81a84
1386,1018,432570,3225fa20b0d9637e5e303a67e926
1387,1018,432570,14b7438228f58f57cd3b75d2ef9c
1388,1018,432570,a45f0923a3e9cc51c678a228b45e
1389,1018,432570,c824a5eeeb39247daa7b46ec5db6
1390,1018,432570,18ad9a9cd1cc0f7559cd584b23e8
1391,1018,432570,f1423a0c97fe37f2274aeb5f5492
1392,1018,432570,f83fafaee053da27c8bb97a93a1a
1393,1018,432570,a1cdee95b80baf7791fcc316ff85
1394,1018,432570,3baecfb43e7d8b96a3b5eee32dc9
1395,1018,432570,c3ee46edf0d69ca6360d7c282094
1396,1018,432570,99e2d2071ea39c75b8553b7b20f0
1397,1018,432570,fb56c61f0db94391fd140792b0a1
1398,1018,432570,598330beb74aca5d0b082d2b9cea
1399,1018,432570,ae91c6757d4caad1dd458f8e3a44
1400,1018,432570,8832f8ffc68143a0904016f2f02f
1401,1018,432570,fc724b5d396328f6d667fdf72d91
1402,1018,432570,7aac8072294e87e932d5baa8fa7e
1403,1018,432570,db24fc631162ab85ca3798322391
1404,1018,432570,53df0842f023f34211cb43021673
1405,1018,432570,ee74a1f2b8d77aace5c6bf6ad9c9
